study.name,unique.id,site,alternative,N,p.value,OR,delta,d
Hauser.1,39,aus,two.sided,89,1.852277147e-06,1.264023927e+01, 2.536885318e+00, 1.398658180e+00
Hauser.1,39,badaniaon,two.sided,34,2.565425113e-03,1.031673768e+01, 2.333767594e+00, 1.286673510e+00
Hauser.1,39,bc,two.sided,73,3.696709466e-07,1.598549315e+01, 2.771681633e+00, 1.528108173e+00
Hauser.1,39,bilgi,two.sided,138,7.410769153e-11,1.236692796e+01, 2.515025809e+00, 1.386606401e+00
Hauser.1,39,brasilia,two.sided,102,3.121617908e-07,9.930879631e+00, 2.295649057e+00, 1.265657659e+00
Hauser.1,39,cas,two.sided,67,4.150189346e-05,            Inf,             Inf,             Inf
Hauser.1,39,castab,two.sided,66,1.088658653e-03,7.256213377e+00, 1.981858119e+00, 1.092655648e+00
Hauser.1,39,doshisha,two.sided,112,6.802473911e-08,1.783845422e+01, 2.881356477e+00, 1.588575084e+00
Hauser.1,39,eindhoven,two.sided,93,3.079634727e-08,1.394502963e+01, 2.635123146e+00, 1.452819533e+00
Hauser.1,39,eindhoventab,two.sided,10,7.936507937e-03,            Inf,             Inf,             Inf
Hauser.1,39,elte,two.sided,91,5.195006875e-12,8.660338337e+01, 4.461338884e+00, 2.459665039e+00
Hauser.1,39,eltetab,two.sided,89,2.723895315e-09,2.148798580e+01, 3.067493979e+00, 1.691198067e+00
Hauser.1,39,fmkbelgrade,two.sided,26,5.290361812e-03,1.921899710e+01, 2.955899222e+00, 1.629672653e+00
Hauser.1,39,grazvienna,two.sided,119,9.194178702e-09,1.218935674e+01, 2.500563173e+00, 1.378632732e+00
Hauser.1,39,hawaiion,two.sided,89,5.711308693e-03,3.480435834e+00, 1.247157525e+00, 6.875939809e-01
Hauser.1,39,henan,two.sided,17,1.470588235e-02,            Inf,             Inf,             Inf
Hauser.1,39,hkust,two.sided,97,3.430952206e-04,6.203518154e+00, 1.825116575e+00, 1.006239505e+00
Hauser.1,39,hkusttab,two.sided,28,4.074074074e-02,            Inf,             Inf,             Inf
Hauser.1,39,hunancomp,two.sided,118,6.095370708e-05,5.834151969e+00, 1.763728920e+00, 9.723947173e-01
Hauser.1,39,ithaca,two.sided,76,8.267845029e-09,2.317697622e+01, 3.143159382e+00, 1.732914590e+00
Hauser.1,39,johannesburg,two.sided,50,2.097581314e-04,1.615214013e+01, 2.782052557e+00, 1.533825963e+00
Hauser.1,39,johannesburgother,two.sided,20,5.477494642e-03,2.732632049e+01, 3.307850358e+00, 1.823713484e+00
Hauser.1,39,koc,two.sided,74,1.203010609e-07,1.773229017e+01, 2.875387281e+00, 1.585284093e+00
Hauser.1,39,lausanne,two.sided,109,7.607228287e-13,3.169072436e+01, 3.456024031e+00, 1.905405912e+00
Hauser.1,39,leuven,two.sided,106,2.330461398e-07,1.046152507e+01, 2.347704248e+00, 1.294357190e+00
Hauser.1,39,lundon,two.sided,110,2.109040034e-18,7.544301261e+01, 4.323377571e+00, 2.383602981e+00
Hauser.1,39,marian,two.sided,77,1.981306524e-05,8.637316687e+00, 2.156091966e+00, 1.188715802e+00
Hauser.1,39,marianipad,two.sided,27,4.424103738e-03,1.890184815e+01, 2.939259703e+00, 1.620498805e+00
Hauser.1,39,mariantab,two.sided,24,4.526181182e-03,1.918092242e+01, 2.953916161e+00, 1.628579334e+00
Hauser.1,39,mturk,two.sided,304,3.246566796e-14,6.357754201e+00, 1.849675202e+00, 1.019779386e+00
Hauser.1,39,mturk_india,two.sided,308,4.581969148e-10,4.406230716e+00, 1.483019611e+00, 8.176315641e-01
Hauser.1,39,navarra,two.sided,48,6.483899829e-03,6.689646157e+00, 1.900560981e+00, 1.047834187e+00
Hauser.1,39,ntnu,two.sided,74,2.072911029e-02,3.652530687e+00, 1.295420266e+00, 7.142026244e-01
Hauser.1,39,ntnutab,two.sided,45,8.916106559e-05,1.449345285e+01, 2.673697020e+00, 1.474086424e+00
Hauser.1,39,occid,two.sided,66,5.181416690e-09,3.427536805e+01, 3.534426963e+00, 1.948631714e+00
Hauser.1,39,occidtab,two.sided,77,7.474515346e-08,1.663283894e+01, 2.811378991e+00, 1.549994474e+00
Hauser.1,39,ouhktab,two.sided,36,4.913701753e-02,6.602814299e+00, 1.887495967e+00, 1.040631067e+00
Hauser.1,39,plu,two.sided,95,2.847739868e-08,1.349420316e+01, 2.602260198e+00, 1.434701240e+00
Hauser.1,39,poitiers,two.sided,44,5.744411446e-04,1.086948352e+01, 2.385959186e+00, 1.315448242e+00
Hauser.1,39,potsdam,two.sided,89,7.899143807e-08,1.501805315e+01, 2.709253021e+00, 1.493689475e+00
Hauser.1,39,pscio,two.sided,84,2.307468873e-03,4.899132487e+00, 1.589058146e+00, 8.760936724e-01
Hauser.1,39,psuabington,two.sided,88,7.013775534e-05,7.048028075e+00, 1.952747872e+00, 1.076606327e+00
Hauser.1,39,psuabingtontab,two.sided,78,2.238820883e-05,8.670273902e+00, 2.159900382e+00, 1.190815492e+00
Hauser.1,39,psumain,two.sided,81,6.340611316e-07,1.170415288e+01, 2.459943726e+00, 1.356238057e+00
Hauser.1,39,purkyne,two.sided,140,6.924595949e-07,6.036014799e+00, 1.797743993e+00, 9.911482098e-01
Hauser.1,39,sandiegosu,two.sided,171,2.393968481e-18,2.187357750e+01, 3.085279402e+00, 1.701003685e+00
Hauser.1,39,santiagoon,two.sided,59,2.027938360e-05,1.241089496e+01, 2.518574712e+00, 1.388563014e+00
Hauser.1,39,swps,two.sided,95,1.710607315e-05,8.902602492e+00, 2.186343649e+00, 1.205394429e+00
Hauser.1,39,tamu,two.sided,96,1.313957117e-08,1.357735816e+01, 2.608403564e+00, 1.438088256e+00
Hauser.1,39,tilburg,two.sided,95,1.732016159e-12,3.196344319e+01, 3.464592850e+00, 1.910130149e+00
Hauser.1,39,tilburgcaf,two.sided,78,3.230550039e-12,5.398084615e+01, 3.988629283e+00, 2.199046577e+00
Hauser.1,39,tilburgcomm,two.sided,98,2.173199891e-17,2.085347704e+02, 5.340105792e+00, 2.944154628e+00
Hauser.1,39,toronto,two.sided,325,5.810566098e-20,9.349528110e+00, 2.235325872e+00, 1.232399744e+00
Hauser.1,39,tufts,two.sided,79,4.524157036e-06,9.819394858e+00, 2.284359497e+00, 1.259433398e+00
Hauser.1,39,ubc,two.sided,76,3.543691510e-05,7.894372700e+00, 2.066150189e+00, 1.139128302e+00
Hauser.1,39,ubctab,two.sided,71,1.836539981e-06,1.399057357e+01, 2.638383786e+00, 1.454617218e+00
Hauser.1,39,ucron,two.sided,97,2.947248359e-07,1.205589371e+01, 2.489553645e+00, 1.372562861e+00
Hauser.1,39,udd,two.sided,94,3.553514744e-10,2.125810272e+01, 3.056738127e+00, 1.685268055e+00
Hauser.1,39,ufl,two.sided,113,3.965963750e-11,1.707172147e+01, 2.837423379e+00, 1.564353497e+00
Hauser.1,39,uiuc,two.sided,198,2.218148079e-16,1.402974487e+01, 2.641179709e+00, 1.456158692e+00
Hauser.1,39,umich,two.sided,84,1.381001778e-09,2.252470020e+01, 3.114612494e+00, 1.717175866e+00
Hauser.1,39,unam,two.sided,139,3.063882020e-14,2.024059565e+01, 3.007690273e+00, 1.658226556e+00
Hauser.1,39,unibelgrade,two.sided,80,2.374937952e-07,1.628238471e+01, 2.790083831e+00, 1.538253837e+00
Hauser.1,39,uniporto,two.sided,36,1.224482635e-04,2.102244290e+01, 3.045590576e+00, 1.679122088e+00
Hauser.1,39,uva,two.sided,85,9.568251183e-08,1.373654407e+01, 2.620059732e+00, 1.444514638e+00
Hauser.1,39,vuamsterdam,two.sided,92,1.877657550e-05,7.215607572e+00, 1.976246398e+00, 1.089561744e+00
Hauser.1,39,vuw,two.sided,92,2.998136883e-04,5.145318255e+00, 1.638087225e+00, 9.031248201e-01
Hauser.1,39,washlee,two.sided,96,1.877271753e-10,2.231817520e+01, 3.105401378e+00, 1.712097512e+00
Hauser.1,39,wilfredlaur,two.sided,87,1.319440600e-11,3.553353635e+01, 3.570476936e+00, 1.968507105e+00
Hauser.1,39,williampat,two.sided,118,9.601239201e-12,1.787707703e+01, 2.883519279e+00, 1.589767499e+00
Hauser.1,39,winchester,two.sided,138,9.068712817e-11,1.160300208e+01, 2.451263865e+00, 1.351452599e+00
Hauser.1,39,wpi,two.sided,85,4.030909738e-14,6.517134367e+01, 4.177019858e+00, 2.302911744e+00
Hauser.1,39,wroclaw,two.sided,96,2.806115604e-06,1.074856652e+01, 2.374772399e+00, 1.309280643e+00
Hauser.1,39,zhejiang,two.sided,81,4.297164479e-04,8.729578350e+00, 2.166717070e+00, 1.194573729e+00
Hauser.2,40,aus,two.sided,38,4.318745887e-02,4.907981978e+00, 1.590862855e+00, 8.770886606e-01
Hauser.2,40,badaniaon,two.sided,28,1.248171580e-01,4.152122563e+00, 1.423619664e+00, 7.848826571e-01
Hauser.2,40,bc,two.sided,52,3.404415850e-04,9.016955370e+00, 2.199106735e+00, 1.212431087e+00
Hauser.2,40,bilgi,two.sided,109,3.159802120e-09,1.293343842e+01, 2.559816083e+00, 1.411300574e+00
Hauser.2,40,brasilia,two.sided,49,1.802892961e-04,1.100207079e+01, 2.398083508e+00, 1.322132732e+00
Hauser.2,40,cas,two.sided,60,3.219648871e-04,            Inf,             Inf,             Inf
Hauser.2,40,castab,two.sided,47,1.008772860e-01,3.531860524e+00, 1.261824793e+00, 6.956804691e-01
Hauser.2,40,doshisha,two.sided,67,7.350341844e-06,2.015487546e+01, 3.003446218e+00, 1.655886686e+00
Hauser.2,40,eindhoven,two.sided,64,1.613658805e-03,5.890591762e+00, 1.773356462e+00, 9.777026592e-01
Hauser.2,40,eindhoventab,two.sided,6,6.666666667e-02,            Inf,             Inf,             Inf
Hauser.2,40,elte,two.sided,40,2.443840714e-04,2.968430224e+01, 3.390618362e+00, 1.869345876e+00
Hauser.2,40,eltetab,two.sided,38,2.011313437e-02,6.082250415e+00, 1.805374761e+00, 9.953552731e-01
Hauser.2,40,fmkbelgrade,two.sided,18,2.450980392e-01,6.606002068e+00, 1.887978640e+00, 1.040897178e+00
Hauser.2,40,grazvienna,two.sided,79,8.881363253e-04,6.328598525e+00, 1.845078810e+00, 1.017245262e+00
Hauser.2,40,hawaiion,two.sided,46,7.542925613e-01,1.334706120e+00, 2.887111326e-01, 1.591747898e-01
Hauser.2,40,henan,two.sided,10,3.333333333e-02,            Inf,             Inf,             Inf
Hauser.2,40,hkust,two.sided,83,1.370292189e-03,6.012199639e+00, 1.793790678e+00, 9.889686332e-01
Hauser.2,40,hkusttab,two.sided,21,9.022556391e-02,            Inf,             Inf,             Inf
Hauser.2,40,hunancomp,two.sided,100,9.065332351e-03,3.416896539e+00, 1.228732694e+00, 6.774358392e-01
Hauser.2,40,ithaca,two.sided,36,2.045604764e-03,1.187173976e+01, 2.474160765e+00, 1.364076322e+00
Hauser.2,40,johannesburg,two.sided,21,1.857585139e-02,            Inf,             Inf,             Inf
Hauser.2,40,johannesburgother,two.sided,11,6.060606061e-02,            Inf,             Inf,             Inf
Hauser.2,40,koc,two.sided,77,1.057876323e-06,1.198113726e+01, 2.483333518e+00, 1.369133525e+00
Hauser.2,40,lausanne,two.sided,45,7.884126775e-03,9.430998615e+00, 2.244001989e+00, 1.237183138e+00
Hauser.2,40,leuven,two.sided,97,3.577995975e-09,1.973591514e+01, 2.982440079e+00, 1.644305395e+00
Hauser.2,40,lundon,two.sided,74,4.372627791e-12,6.493957655e+01, 4.173457246e+00, 2.300947574e+00
Hauser.2,40,marian,two.sided,42,1.161552564e-02,6.004919081e+00, 1.792578980e+00, 9.883005891e-01
Hauser.2,40,marianipad,two.sided,14,3.096903097e-02,            Inf,             Inf,             Inf
Hauser.2,40,mariantab,two.sided,13,1.025641026e-01,9.470989102e+00, 2.248233348e+00, 1.239516008e+00
Hauser.2,40,mturk,two.sided,227,1.785871147e-10,6.115022801e+00, 1.810748498e+00, 9.983179692e-01
Hauser.2,40,mturk_india,two.sided,181,4.626257324e-07,5.010061449e+00, 1.611448180e+00, 8.884379453e-01
Hauser.2,40,navarra,two.sided,36,4.113800755e-02,4.940305827e+00, 1.597427238e+00, 8.807077944e-01
Hauser.2,40,ntnu,two.sided,76,6.904272032e-03,4.133920980e+00, 1.419226346e+00, 7.824604939e-01
Hauser.2,40,ntnutab,two.sided,45,9.406055949e-04,9.026022513e+00, 2.200111796e+00, 1.212985206e+00
Hauser.2,40,occid,two.sided,45,1.314064618e-05,2.572982578e+01, 3.247650855e+00, 1.790523759e+00
Hauser.2,40,occidtab,two.sided,59,2.267272444e-05,1.189397781e+01, 2.476032206e+00, 1.365108101e+00
Hauser.2,40,ouhktab,two.sided,25,7.826086957e-03,            Inf,             Inf,             Inf
Hauser.2,40,plu,two.sided,61,6.397903889e-06,1.498877524e+01, 2.707301604e+00, 1.492613603e+00
Hauser.2,40,poitiers,two.sided,16,1.000000000e+00,1.613716480e+00, 4.785398914e-01, 2.638328698e-01
Hauser.2,40,potsdam,two.sided,47,6.256934575e-02,4.025977066e+00, 1.392767631e+00, 7.678730394e-01
Hauser.2,40,pscio,two.sided,25,1.541930273e-02,9.997242080e+00, 2.302309263e+00, 1.269329623e+00
Hauser.2,40,psuabington,two.sided,33,1.311760542e-01,4.177539697e+00, 1.429722484e+00, 7.882473178e-01
Hauser.2,40,psuabingtontab,two.sided,25,5.451608561e-04,            Inf,             Inf,             Inf
Hauser.2,40,psumain,two.sided,50,4.189641166e-05,1.470350031e+01, 2.688085582e+00, 1.482019255e+00
Hauser.2,40,purkyne,two.sided,60,5.127078305e-06,1.732383285e+01, 2.852083175e+00, 1.572435866e+00
Hauser.2,40,sandiegosu,two.sided,64,8.353339793e-09,3.443699396e+01, 3.539131392e+00, 1.951225401e+00
Hauser.2,40,santiagoon,two.sided,24,1.108830260e-02,1.264925623e+01, 2.537598418e+00, 1.399051333e+00
Hauser.2,40,swps,two.sided,61,2.960629879e-04,1.233626933e+01, 2.512543650e+00, 1.385237915e+00
Hauser.2,40,tamu,two.sided,42,9.904526600e-03,6.206682543e+00, 1.825626541e+00, 1.006520664e+00
Hauser.2,40,tilburg,two.sided,64,4.942020179e-09,3.762896341e+01, 3.627774057e+00, 2.000096664e+00
Hauser.2,40,tilburgcaf,two.sided,40,3.357951803e-06,4.288243545e+01, 3.758462312e+00, 2.072148875e+00
Hauser.2,40,tilburgcomm,two.sided,38,9.585442675e-07,7.617329153e+01, 4.333010896e+00, 2.388914111e+00
Hauser.2,40,toronto,two.sided,196,1.162734315e-13,1.012399937e+01, 2.314908781e+00, 1.276276101e+00
Hauser.2,40,tufts,two.sided,55,1.128052765e-03,6.833953558e+00, 1.921903358e+00, 1.059600855e+00
Hauser.2,40,ubc,two.sided,57,3.473980876e-03,5.370454132e+00, 1.680912473e+00, 9.267356172e-01
Hauser.2,40,ubctab,two.sided,49,4.683080227e-04,9.732413471e+00, 2.275461910e+00, 1.254527901e+00
Hauser.2,40,ucron,two.sided,38,5.157228036e-02,4.994235844e+00, 1.608284416e+00, 8.866936707e-01
Hauser.2,40,udd,two.sided,41,2.051212625e-06,4.414306959e+01, 3.787435940e+00, 2.088122874e+00
Hauser.2,40,ufl,two.sided,48,1.864788186e-04,1.803641050e+01, 2.892392521e+00, 1.594659574e+00
Hauser.2,40,uiuc,two.sided,130,2.433170737e-09,1.006411166e+01, 2.308975795e+00, 1.273005074e+00
Hauser.2,40,umich,two.sided,46,1.229707559e-04,1.778018856e+01, 2.878084835e+00, 1.586771333e+00
Hauser.2,40,unam,two.sided,50,1.420187999e-04,1.149584746e+01, 2.441985880e+00, 1.346337378e+00
Hauser.2,40,unibelgrade,two.sided,62,5.229197519e-05,1.271370543e+01, 2.542680579e+00, 1.401853275e+00
Hauser.2,40,uniporto,two.sided,14,5.827505828e-04,            Inf,             Inf,             Inf
Hauser.2,40,uva,two.sided,60,1.090883001e-05,1.439229345e+01, 2.666692886e+00, 1.470224843e+00
Hauser.2,40,vuamsterdam,two.sided,70,7.788267210e-03,4.046086703e+00, 1.397750168e+00, 7.706200561e-01
Hauser.2,40,vuw,two.sided,62,1.041501988e-02,4.286408149e+00, 1.455449121e+00, 8.024311562e-01
Hauser.2,40,washlee,two.sided,50,6.309913657e-06,2.695665052e+01, 3.294230039e+00, 1.816204209e+00
Hauser.2,40,wilfredlaur,two.sided,38,3.176663234e-06,5.712727712e+01, 4.045281710e+00, 2.230280697e+00
Hauser.2,40,williampat,two.sided,59,2.308933775e-04,8.270331355e+00, 2.112674575e+00, 1.164778540e+00
Hauser.2,40,winchester,two.sided,66,1.091557281e-03,5.816524296e+00, 1.760702883e+00, 9.707263758e-01
Hauser.2,40,wpi,two.sided,49,7.656748332e-08,4.932923447e+01, 3.898516897e+00, 2.149365014e+00
Hauser.2,40,wroclaw,two.sided,66,3.666737599e-04,7.615239567e+00, 2.030151446e+00, 1.119281154e+00
Hauser.2,40,zhejiang,two.sided,72,1.371051506e-03,9.745605603e+00, 2.276816476e+00, 1.255274713e+00
Hauser.3,41,aus,two.sided,52,3.949983327e-05,1.851532281e+01, 2.918598649e+00, 1.609107769e+00
Hauser.3,41,badaniaon,two.sided,10,1.666666667e-01,            Inf,             Inf,             Inf
Hauser.3,41,bc,two.sided,23,6.730380940e-05,            Inf,             Inf,             Inf
Hauser.3,41,bilgi,two.sided,45,8.050820303e-03,6.978913573e+00, 1.942893256e+00, 1.071173193e+00
Hauser.3,41,brasilia,two.sided,53,6.669368426e-04,9.045646855e+00, 2.202283631e+00, 1.214182602e+00
Hauser.3,41,cas,two.sided,9,3.333333333e-01,            Inf,             Inf,             Inf
Hauser.3,41,castab,two.sided,19,3.095975232e-03,            Inf,             Inf,             Inf
Hauser.3,41,doshisha,two.sided,47,3.157724067e-03,1.568732965e+01, 2.752853358e+00, 1.517727601e+00
Hauser.3,41,eindhoven,two.sided,33,3.260832927e-07,1.449771465e+02, 4.976576120e+00, 2.743730215e+00
Hauser.3,41,eindhoventab,two.sided,5,2.000000000e-01,            Inf,             Inf,             Inf
Hauser.3,41,elte,two.sided,54,1.349912446e-08,            Inf,             Inf,             Inf
Hauser.3,41,eltetab,two.sided,51,1.060503616e-08,            Inf,             Inf,             Inf
Hauser.3,41,fmkbelgrade,two.sided,8,1.785714286e-02,            Inf,             Inf,             Inf
Hauser.3,41,grazvienna,two.sided,42,1.548624070e-06,5.596838512e+01, 4.024786980e+00, 2.218981360e+00
Hauser.3,41,hawaiion,two.sided,55,2.481699921e-04,9.600232921e+00, 2.261787361e+00, 1.246988727e+00
Hauser.3,41,henan,two.sided,8,1.000000000e+00,            Inf,             Inf,             Inf
Hauser.3,41,hkust,two.sided,22,1.932169997e-01,4.897323408e+00, 1.588688813e+00, 8.758900482e-01
Hauser.3,41,hkusttab,two.sided,7,4.285714286e-01,            Inf,             Inf,             Inf
Hauser.3,41,hunancomp,two.sided,52,5.464049671e-02,3.139808248e+00, 1.144161731e+00, 6.308094231e-01
Hauser.3,41,ithaca,two.sided,42,7.994354016e-07,4.704258653e+01, 3.851053288e+00, 2.123196955e+00
Hauser.3,41,johannesburg,two.sided,30,6.829918374e-03,1.135876322e+01, 2.429989536e+00, 1.339723447e+00
Hauser.3,41,johannesburgother,two.sided,9,8.333333333e-02,            Inf,             Inf,             Inf
Hauser.3,41,koc,two.sided,9,2.063492063e-01,8.355085742e+00, 2.122870424e+00, 1.170399806e+00
Hauser.3,41,lausanne,two.sided,67,1.439194261e-11,7.870455839e+01, 4.365701075e+00, 2.406937151e+00
Hauser.3,41,leuven,two.sided,11,1.000000000e+00,6.918295368e-01,-3.684156878e-01,-2.031182142e-01
Hauser.3,41,lundon,two.sided,37,1.946512562e-07,1.068602346e+02, 4.671521762e+00, 2.575544933e+00
Hauser.3,41,marian,two.sided,37,1.529128422e-03,1.158313041e+01, 2.449549764e+00, 1.350507566e+00
Hauser.3,41,marianipad,two.sided,13,1.025641026e-01,9.470989102e+00, 2.248233348e+00, 1.239516008e+00
Hauser.3,41,mariantab,two.sided,12,1.515151515e-02,            Inf,             Inf,             Inf
Hauser.3,41,mturk,two.sided,102,1.628263873e-07,9.971077781e+00, 2.299688681e+00, 1.267884820e+00
Hauser.3,41,mturk_india,two.sided,173,3.879894961e-04,3.111468782e+00, 1.135094892e+00, 6.258106130e-01
Hauser.3,41,navarra,two.sided,18,5.361305361e-02,1.004070105e+01, 2.306646937e+00, 1.271721108e+00
Hauser.3,41,ntnu,two.sided,8,4.642857143e-01,5.784265484e+00, 1.755141384e+00, 9.676601603e-01
Hauser.3,41,ntnutab,two.sided,8,1.071428571e-01,            Inf,             Inf,             Inf
Hauser.3,41,occid,two.sided,22,2.891844997e-04,6.241281947e+01, 4.133770694e+00, 2.279067231e+00
Hauser.3,41,occidtab,two.sided,18,2.513826043e-04,            Inf,             Inf,             Inf
Hauser.3,41,ouhktab,two.sided,15,2.507492507e-01,5.198180698e+00, 1.648308699e+00, 9.087602141e-01
Hauser.3,41,plu,two.sided,35,5.481130403e-04,1.674619052e+01, 2.818170801e+00, 1.553738995e+00
Hauser.3,41,poitiers,two.sided,28,4.973414584e-05,5.612138207e+01, 4.027516882e+00, 2.220486434e+00
Hauser.3,41,potsdam,two.sided,45,9.803960641e-08,9.712922290e+01, 4.576042287e+00, 2.522904339e+00
Hauser.3,41,pscio,two.sided,62,5.360909606e-02,3.247883561e+00, 1.178003572e+00, 6.494674082e-01
Hauser.3,41,psuabington,two.sided,57,4.790798679e-04,7.749736666e+00, 2.047658864e+00, 1.128933500e+00
Hauser.3,41,psuabingtontab,two.sided,55,4.961399411e-03,5.361127251e+00, 1.679174261e+00, 9.257772905e-01
Hauser.3,41,psumain,two.sided,32,1.175206822e-02,8.223794587e+00, 2.107031731e+00, 1.161667477e+00
Hauser.3,41,purkyne,two.sided,81,7.579085597e-03,3.539429261e+00, 1.263965488e+00, 6.968606965e-01
Hauser.3,41,sandiegosu,two.sided,109,5.926000482e-11,1.790680591e+01, 2.885180859e+00, 1.590683576e+00
Hauser.3,41,santiagoon,two.sided,36,3.082036694e-03,9.361514285e+00, 2.236607060e+00, 1.233106100e+00
Hauser.3,41,swps,two.sided,34,4.031251416e-02,5.934841277e+00, 1.780840284e+00, 9.818287068e-01
Hauser.3,41,tamu,two.sided,57,9.243573243e-07,2.101813166e+01, 3.045385477e+00, 1.679009011e+00
Hauser.3,41,tilburg,two.sided,32,2.444165580e-04,2.574352078e+01, 3.248182975e+00, 1.790817132e+00
Hauser.3,41,tilburgcaf,two.sided,40,1.046522544e-06,6.419866954e+01, 4.161982487e+00, 2.294621207e+00
Hauser.3,41,tilburgcomm,two.sided,65,1.437317195e-11,            Inf,             Inf,             Inf
Hauser.3,41,toronto,two.sided,154,6.713235432e-09,7.813498471e+00, 2.055852811e+00, 1.133451060e+00
Hauser.3,41,tufts,two.sided,32,1.576127259e-03,1.682404460e+01, 2.822809089e+00, 1.556296217e+00
Hauser.3,41,ubc,two.sided,24,3.912570133e-02,8.052012543e+00, 2.085922065e+00, 1.150029108e+00
Hauser.3,41,ubctab,two.sided,21,5.552115583e-02,8.033313641e+00, 2.083597100e+00, 1.148747288e+00
Hauser.3,41,ucron,two.sided,62,6.397903889e-06,1.556011583e+01, 2.744710963e+00, 1.513238463e+00
Hauser.3,41,udd,two.sided,54,8.872348533e-05,1.409071626e+01, 2.645516160e+00, 1.458549502e+00
Hauser.3,41,ufl,two.sided,66,3.010431007e-07,1.885842307e+01, 2.936959661e+00, 1.619230726e+00
Hauser.3,41,uiuc,two.sided,75,1.291324235e-08,2.442989513e+01, 3.195807593e+00, 1.761941070e+00
Hauser.3,41,umich,two.sided,42,1.245675015e-06,4.513061270e+01, 3.809560790e+00, 2.100320942e+00
Hauser.3,41,unam,two.sided,94,1.400451546e-10,2.345844822e+01, 3.155230695e+00, 1.739569854e+00
Hauser.3,41,unibelgrade,two.sided,17,3.373097491e-03,3.589093519e+01, 3.580484762e+00, 1.974024709e+00
Hauser.3,41,uniporto,two.sided,22,8.145854833e-02,5.545042425e+00, 1.712904272e+00, 9.443736201e-01
Hauser.3,41,uva,two.sided,26,5.221093014e-03,1.751926079e+01, 2.863300892e+00, 1.578620518e+00
Hauser.3,41,vuamsterdam,two.sided,25,9.826356172e-04,2.925608175e+01, 3.376087475e+00, 1.861334578e+00
Hauser.3,41,vuw,two.sided,38,1.619846447e-03,1.301282390e+01, 2.565935325e+00, 1.414674289e+00
Hauser.3,41,washlee,two.sided,47,2.549138715e-05,1.833592421e+01, 2.908862207e+00, 1.603739788e+00
Hauser.3,41,wilfredlaur,two.sided,53,1.743817789e-06,2.173615866e+01, 3.078977171e+00, 1.697529083e+00
Hauser.3,41,williampat,two.sided,66,4.112167818e-09,3.504991616e+01, 3.556773222e+00, 1.960951851e+00
Hauser.3,41,winchester,two.sided,75,1.079943226e-08,2.152887375e+01, 3.069394999e+00, 1.692246155e+00
Hauser.3,41,wpi,two.sided,37,1.946512562e-07,1.068602346e+02, 4.671521762e+00, 2.575544933e+00
Hauser.3,41,wroclaw,two.sided,31,1.048784364e-02,            Inf,             Inf,             Inf
Hauser.3,41,zhejiang,two.sided,14,2.447552448e-01,5.989205709e+00, 1.789958800e+00, 9.868560083e-01
Hauser.4,47,amity,greater,147,7.677070155e-01,8.303316221e-01,-1.859301133e-01,-1.025086440e-01
Hauser.4,47,amityon,greater,44,9.378679683e-01,4.749963351e-01,-7.444481905e-01,-4.104357986e-01
Hauser.4,47,armstrong,greater,80,3.014979467e-02,2.639041484e+00, 9.704157772e-01, 5.350182585e-01
Hauser.4,47,aus2,greater,177,5.162147309e-02,1.715521470e+00, 5.397170986e-01, 2.975616318e-01
Hauser.4,47,badaniaon,greater,42,5.057651953e-01,1.194787425e+00, 1.779682827e-01, 9.811905673e-02
Hauser.4,47,bogota,greater,102,1.818970129e-01,1.626649848e+00, 4.865225917e-01, 2.682339631e-01
Hauser.4,47,brookcuny,greater,175,3.490713980e-02,1.835897708e+00, 6.075335762e-01, 3.349508155e-01
Hauser.4,47,carleton,greater,121,7.270885299e-02,1.831281561e+00, 6.050160283e-01, 3.335628186e-01
Hauser.4,47,cas,greater,48,3.800545818e-01,1.445691045e+00, 3.685874388e-01, 2.032129055e-01
Hauser.4,47,csunorthonline,greater,88,2.264089232e-01,1.516675987e+00, 4.165210899e-01, 2.296401124e-01
Hauser.4,47,fmkbelgrade,greater,103,2.292929785e-01,1.452920030e+00, 3.735753454e-01, 2.059628825e-01
Hauser.4,47,georgefox,greater,135,6.188301949e-02,1.859378720e+00, 6.202424106e-01, 3.419575631e-01
Hauser.4,47,grazvienna,greater,101,4.214368616e-01,1.172944308e+00, 1.595170903e-01, 8.794638117e-02
Hauser.4,47,hawaiion,greater,121,3.349048642e-01,1.255408438e+00, 2.274609679e-01, 1.254058042e-01
Hauser.4,47,help,greater,90,3.284074777e-03,3.692521882e+00, 1.306309662e+00, 7.202062628e-01
Hauser.4,47,isb,greater,183,3.725544960e-01,1.165681433e+00, 1.533058374e-01, 8.452193802e-02
Hauser.4,47,jmu,greater,86,1.347946608e-01,1.868331553e+00, 6.250458148e-01, 3.446058187e-01
Hauser.4,47,jos,greater,94,5.993004431e-01,1.070664200e+00, 6.827920378e-02, 3.764429800e-02
Hauser.4,47,kenyon,greater,106,5.903355557e-02,2.026180919e+00, 7.061527006e-01, 3.893223884e-01
Hauser.4,47,krakowon,greater,99,3.998585614e-01,1.203270703e+00, 1.850434347e-01, 1.020197925e-01
Hauser.4,47,kwazulu,greater,76,3.339793142e-02,2.650833982e+00, 9.748743006e-01, 5.374763713e-01
Hauser.4,47,louvain,greater,100,3.347987735e-01,1.285601574e+00, 2.512267601e-01, 1.385085721e-01
Hauser.4,47,loyola,greater,292,2.283386561e-05,2.737986213e+00, 1.007222691e+00, 5.553109739e-01
Hauser.4,47,lse,greater,110,2.537459349e-01,1.393077458e+00, 3.315152986e-01, 1.827739634e-01
Hauser.4,47,mcdanielonline,greater,158,4.042448574e-01,1.141889325e+00, 1.326841932e-01, 7.315262968e-02
Hauser.4,47,metu,greater,126,7.540104367e-02,1.777916510e+00, 5.754421790e-01, 3.172579009e-01
Hauser.4,47,moralsense,greater,830,9.900661365e-07,2.018617609e+00, 7.024129253e-01, 3.872605422e-01
Hauser.4,47,mturk,greater,340,1.492058641e-03,1.979797338e+00, 6.829944847e-01, 3.765545948e-01
Hauser.4,47,mturk_india,greater,361,2.117969175e-01,1.228357167e+00, 2.056776401e-01, 1.133960262e-01
Hauser.4,47,munich,greater,84,2.418372926e-01,1.499828557e+00, 4.053508064e-01, 2.234816124e-01
Hauser.4,47,munichon,greater,213,1.400039353e-01,1.399542452e+00, 3.361453632e-01, 1.853266518e-01
Hauser.4,47,northumbria,greater,79,2.586318868e-01,1.485878609e+00, 3.960062532e-01, 2.183296902e-01
Hauser.4,47,osnabruck,greater,84,5.271366043e-01,1.075954304e+00, 7.320799252e-02, 4.036168165e-02
Hauser.4,47,ouhk,greater,68,3.956842746e-01,1.277053086e+00, 2.445551470e-01, 1.348303191e-01
Hauser.4,47,padua,greater,77,2.161590657e-01,1.581981898e+00, 4.586784271e-01, 2.528826705e-01
Hauser.4,47,pascal,greater,168,6.803018394e-01,9.079933232e-01,-9.651825375e-02,-5.321330223e-02
Hauser.4,47,psualtoona,greater,175,1.362033851e-01,1.484704475e+00, 3.952157456e-01, 2.178938605e-01
Hauser.4,47,puc,greater,80,1.082407276e-01,1.945597730e+00, 6.655692458e-01, 3.669475571e-01
Hauser.4,47,queensland2,greater,137,7.652779789e-04,3.203134826e+00, 1.164129963e+00, 6.418184868e-01
Hauser.4,47,radboud,greater,30,7.689313238e-01,7.688713339e-01,-2.628316396e-01,-1.449066775e-01
Hauser.4,47,ritonline,greater,85,7.213688144e-02,2.140341422e+00, 7.609653592e-01, 4.195421909e-01
Hauser.4,47,rotterdam,greater,77,1.158443243e-02,3.246768015e+00, 1.177660045e+00, 6.492780115e-01
Hauser.4,47,salford,greater,103,3.819052132e-01,1.215057224e+00, 1.947911735e-01, 1.073940025e-01
Hauser.4,47,seznam,greater,83,4.296252682e-01,1.195244701e+00, 1.783509352e-01, 9.833002410e-02
Hauser.4,47,seznamon,greater,116,1.862213606e-01,1.508601241e+00, 4.111828909e-01, 2.266970091e-01
Hauser.4,47,simmons,greater,95,4.061912883e-02,2.321358034e+00, 8.421523740e-01, 4.643029381e-01
Hauser.4,47,swps,greater,88,8.558248445e-01,6.985585824e-01,-3.587362349e-01,-1.977816521e-01
Hauser.4,47,tamu,greater,85,5.879853787e-01,1.000000000e+00, 0.000000000e+00, 0.000000000e+00
Hauser.4,47,tamucc,greater,89,1.815907063e-01,1.656924597e+00, 5.049632314e-01, 2.784008206e-01
Hauser.4,47,tanzania,greater,65,3.627219532e-01,1.389617478e+00, 3.290285138e-01, 1.814029271e-01
Hauser.4,47,tanzaniaon,greater,16,2.846153846e-01,3.838967620e+00, 1.345203482e+00, 7.416495496e-01
Hauser.4,47,tilburg,greater,94,8.961988089e-02,1.933243201e+00, 6.591990075e-01, 3.634354607e-01
Hauser.4,47,tilburgcaf,greater,81,8.805770211e-01,6.505917906e-01,-4.298728832e-01,-2.370013419e-01
Hauser.4,47,ulatina,greater,206,2.742620038e-02,1.867079371e+00, 6.243753764e-01, 3.442361866e-01
Hauser.4,47,umich,greater,86,5.645821645e-01,1.024884760e+00, 2.458017740e-02, 1.355176205e-02
Hauser.4,47,uned,greater,86,1.608388964e-01,1.748353413e+00, 5.586744382e-01, 3.080133609e-01
Hauser.4,47,unswonline,greater,97,5.360957844e-01,1.047146406e+00, 4.606875551e-02, 2.539903609e-02
Hauser.4,47,vcu,greater,96,3.603732537e-01,1.262607217e+00, 2.331788026e-01, 1.285582116e-01
Hauser.4,47,vuw,greater,100,5.487069927e-03,3.127295324e+00, 1.140168517e+00, 6.286078492e-01
Hauser.4,47,westernkentucky,greater,162,1.224847628e-02,2.281443101e+00, 8.248081817e-01, 4.547405838e-01
Hauser.4,47,yale,greater,283,2.819233918e-02,1.656210222e+00, 5.045319936e-01, 2.781630667e-01
Hauser.5,48,amity,greater,76,7.078141449e-01,8.637598613e-01,-1.464604871e-01,-8.074789857e-02
Hauser.5,48,amityon,greater,26,9.922903486e-01,2.013595881e-01,-1.602662974e+00,-8.835944070e-01
Hauser.5,48,armstrong,greater,42,1.607810773e-01,2.446322583e+00, 8.945859105e-01, 4.932110619e-01
Hauser.5,48,aus2,greater,78,3.266255784e-01,1.366915387e+00, 3.125566589e-01, 1.723215175e-01
Hauser.5,48,badaniaon,greater,24,6.599138511e-01,1.000000000e+00, 0.000000000e+00, 0.000000000e+00
Hauser.5,48,bogota,greater,59,3.119083255e-01,1.559384456e+00, 4.442911636e-01, 2.449505565e-01
Hauser.5,48,brookcuny,greater,93,8.943048380e-02,1.930264714e+00, 6.576571512e-01, 3.625853907e-01
Hauser.5,48,carleton,greater,58,7.104809498e-01,8.594281551e-01,-1.514880468e-01,-8.351973753e-02
Hauser.5,48,cas,greater,43,2.225487980e-01,2.056186321e+00, 7.208529663e-01, 3.974270697e-01
Hauser.5,48,csunorthonline,greater,31,1.167452606e-01,3.074938161e+00, 1.123284791e+00, 6.192993630e-01
Hauser.5,48,fmkbelgrade,greater,71,6.447516435e-01,9.391260206e-01,-6.280560153e-02,-3.462654292e-02
Hauser.5,48,georgefox,greater,76,1.541167267e-02,3.184459683e+00, 1.158282630e+00, 6.385946831e-01
Hauser.5,48,grazvienna,greater,74,5.119134730e-01,1.103087234e+00, 9.811282468e-02, 5.409243526e-02
Hauser.5,48,hawaiion,greater,56,9.780604764e-02,2.403881384e+00, 8.770846744e-01, 4.835621247e-01
Hauser.5,48,help,greater,52,2.570602608e-02,3.689573334e+00, 1.305510824e+00, 7.197658405e-01
Hauser.5,48,isb,greater,88,6.573218273e-01,9.248512639e-01,-7.812235013e-02,-4.307110901e-02
Hauser.5,48,jmu,greater,46,1.299382196e-01,2.642099757e+00, 9.715739636e-01, 5.356568002e-01
Hauser.5,48,jos,greater,33,1.000000000e+00,0.000000000e+00,            -Inf,            -Inf
Hauser.5,48,kenyon,greater,64,1.318563311e-01,2.013303962e+00, 6.997771347e-01, 3.858073547e-01
Hauser.5,48,krakowon,greater,37,5.023850324e-01,1.264406013e+00, 2.346024571e-01, 1.293431135e-01
Hauser.5,48,kwazulu,greater,48,7.340341483e-02,2.738001428e+00, 1.007228248e+00, 5.553140376e-01
Hauser.5,48,louvain,greater,31,1.790174522e-01,2.491652246e+00, 9.129460430e-01, 5.033335335e-01
Hauser.5,48,loyola,greater,148,2.113967598e-02,2.086183926e+00, 7.353365244e-01, 4.054122738e-01
Hauser.5,48,lse,greater,60,5.344008219e-01,1.094475498e+00, 9.027525114e-02, 4.977135450e-02
Hauser.5,48,mcdanielonline,greater,74,4.054202321e-01,1.254816773e+00, 2.269895643e-01, 1.251459058e-01
Hauser.5,48,metu,greater,59,4.559403975e-01,1.210281328e+00, 1.908528354e-01, 1.052226829e-01
Hauser.5,48,moralsense,greater,509,3.639398637e-04,1.960589118e+00, 6.732449983e-01, 3.711794213e-01
Hauser.5,48,mturk,greater,215,2.258433559e-02,1.807828661e+00, 5.921264901e-01, 3.264564438e-01
Hauser.5,48,mturk_india,greater,208,3.459195949e-01,1.174428504e+00, 1.607816501e-01, 8.864356953e-02
Hauser.5,48,munich,greater,62,3.933740715e-01,1.302016000e+00, 2.639138324e-01, 1.455033217e-01
Hauser.5,48,munichon,greater,141,2.795543249e-01,1.286913437e+00, 2.522466668e-01, 1.390708762e-01
Hauser.5,48,northumbria,greater,31,3.622814399e-01,1.684191205e+00, 5.212854513e-01, 2.873997321e-01
Hauser.5,48,osnabruck,greater,69,5.875675149e-01,1.014283577e+00, 1.418252823e-02, 7.819237623e-03
Hauser.5,48,ouhk,greater,35,1.850542471e-01,2.339268549e+00, 8.498382947e-01, 4.685404083e-01
Hauser.5,48,padua,greater,27,8.914314772e-02,4.036887822e+00, 1.395474054e+00, 7.693651688e-01
Hauser.5,48,pascal,greater,50,9.661780322e-01,4.138106247e-01,-8.823468381e-01,-4.864633076e-01
Hauser.5,48,psualtoona,greater,55,6.160615558e-01,9.942576068e-01,-5.758944108e-03,-3.175072294e-03
Hauser.5,48,puc,greater,45,4.191930879e-01,1.363959232e+00, 3.103916705e-01, 1.711278969e-01
Hauser.5,48,queensland2,greater,64,1.706948213e-01,1.920661387e+00, 6.526695993e-01, 3.598356093e-01
Hauser.5,48,radboud,greater,28,6.199847445e-01,1.064186381e+00, 6.221054547e-02, 3.429847132e-02
Hauser.5,48,ritonline,greater,43,2.347103182e-01,1.968042210e+00, 6.770392465e-01, 3.732712999e-01
Hauser.5,48,rotterdam,greater,44,1.337590040e-02,5.180049030e+00, 1.644814521e+00, 9.068337733e-01
Hauser.5,48,salford,greater,33,1.906720192e-01,2.317288176e+00, 8.403976124e-01, 4.633354874e-01
Hauser.5,48,seznam,greater,56,4.231118442e-01,1.279921251e+00, 2.467985537e-01, 1.360671740e-01
Hauser.5,48,seznamon,greater,80,4.659385364e-01,1.158541328e+00, 1.471617382e-01, 8.113451858e-02
Hauser.5,48,simmons,greater,32,7.780673896e-02,3.510513370e+00, 1.255762286e+00, 6.923380340e-01
Hauser.5,48,swps,greater,30,9.302901181e-01,4.500570671e-01,-7.983808885e-01,-4.401704534e-01
Hauser.5,48,tamu,greater,37,4.593918167e-01,1.483963893e+00, 3.947168136e-01, 2.176187849e-01
Hauser.5,48,tamucc,greater,30,7.272363818e-02,6.606037117e+00, 1.887983946e+00, 1.040900103e+00
Hauser.5,48,tanzania,greater,42,4.437993340e-01,1.566011042e+00, 4.485316486e-01, 2.472884584e-01
Hauser.5,48,tanzaniaon,greater,9,4.166666667e-01,            Inf,             Inf,             Inf
Hauser.5,48,tilburg,greater,64,5.505344537e-01,1.070271552e+00, 6.791240350e-02, 3.744207041e-02
Hauser.5,48,tilburgcaf,greater,32,9.940461221e-01,1.830670308e-01,-1.697902905e+00,-9.361029329e-01
Hauser.5,48,ulatina,greater,87,1.923702325e-01,1.669793615e+00, 5.127000351e-01, 2.826663441e-01
Hauser.5,48,umich,greater,45,8.545079448e-01,6.411306039e-01,-4.445220926e-01,-2.450778743e-01
Hauser.5,48,uned,greater,73,1.547846322e-01,2.009968281e+00, 6.981189416e-01, 3.848931449e-01
Hauser.5,48,unswonline,greater,55,2.211655948e-01,1.759138705e+00, 5.648243172e-01, 3.114039669e-01
Hauser.5,48,vcu,greater,65,4.346342137e-01,1.226831542e+00, 2.044348635e-01, 1.127108475e-01
Hauser.5,48,vuw,greater,66,4.664491952e-03,4.413974143e+00, 1.484775450e+00, 8.185996088e-01
Hauser.5,48,westernkentucky,greater,61,1.998871803e-01,2.021665639e+00, 7.039217453e-01, 3.880923983e-01
Hauser.5,48,yale,greater,270,6.364612571e-02,1.521489239e+00, 4.196896175e-01, 2.313870132e-01
Hauser.6,49,amity,greater,69,6.644382296e-01,9.178238231e-01,-8.574982064e-02,-4.727635390e-02
Hauser.6,49,amityon,greater,17,3.733031674e-01,2.278076148e+00, 8.233312920e-01, 4.539263318e-01
Hauser.6,49,armstrong,greater,38,5.442705848e-02,3.534347802e+00, 1.262528785e+00, 6.960686004e-01
Hauser.6,49,aus2,greater,99,6.606159198e-02,1.988129455e+00, 6.871942245e-01, 3.788700327e-01
Hauser.6,49,badaniaon,greater,18,5.633484163e-01,1.373802216e+00, 3.175822362e-01, 1.750922635e-01
Hauser.6,49,bogota,greater,43,3.058010712e-01,1.726963409e+00, 5.463646112e-01, 3.012265976e-01
Hauser.6,49,brookcuny,greater,81,1.286115720e-01,1.849771451e+00, 6.150620917e-01, 3.391015036e-01
Hauser.6,49,carleton,greater,63,7.780456811e-03,4.248796762e+00, 1.446635828e+00, 7.975721331e-01
Hauser.6,49,cas,greater,5,1.000000000e+00,0.000000000e+00,            -Inf,            -Inf
Hauser.6,49,csunorthonline,greater,57,5.840025946e-01,1.030706719e+00, 3.024470152e-02, 1.667477788e-02
Hauser.6,49,fmkbelgrade,greater,32,8.491684679e-02,3.810581782e+00, 1.337781876e+00, 7.375578041e-01
Hauser.6,49,georgefox,greater,59,6.395306022e-01,9.552785948e-01,-4.575225877e-02,-2.522454229e-02
Hauser.6,49,grazvienna,greater,27,5.192982456e-01,1.319217107e+00, 2.770384602e-01, 1.527393082e-01
Hauser.6,49,hawaiion,greater,65,8.164501096e-01,7.236728855e-01,-3.234158043e-01,-1.783084781e-01
Hauser.6,49,help,greater,37,3.752804650e-02,4.594187187e+00, 1.524791849e+00, 8.406618061e-01
Hauser.6,49,isb,greater,95,2.560013264e-01,1.451316378e+00, 3.724709914e-01, 2.053540203e-01
Hauser.6,49,jmu,greater,40,4.611580435e-01,1.323764348e+00, 2.804794570e-01, 1.546364292e-01
Hauser.6,49,jos,greater,60,3.768696080e-01,1.856830022e+00, 6.188707444e-01, 3.412013239e-01
Hauser.6,49,kenyon,greater,41,1.923183527e-01,2.274631147e+00, 8.218179062e-01, 4.530919585e-01
Hauser.6,49,krakowon,greater,62,5.000000000e-01,1.136011296e+00, 1.275232639e-01, 7.030726021e-02
Hauser.6,49,kwazulu,greater,26,3.130434783e-01,2.211349301e+00, 7.936028727e-01, 4.375361952e-01
Hauser.6,49,louvain,greater,69,6.497550918e-01,9.342749692e-01,-6.798448450e-02,-3.748181075e-02
Hauser.6,49,loyola,greater,143,2.362127002e-04,3.536293592e+00, 1.263079171e+00, 6.963720441e-01
Hauser.6,49,lse,greater,49,1.764759464e-01,2.031555616e+00, 7.088018128e-01, 3.907829205e-01
Hauser.6,49,mcdanielonline,greater,84,5.471727165e-01,1.048807924e+00, 4.765420891e-02, 2.627314236e-02
Hauser.6,49,metu,greater,67,5.601655841e-02,2.473702884e+00, 9.057161715e-01, 4.993474964e-01
Hauser.6,49,moralsense,greater,321,1.489450234e-03,2.007070096e+00, 6.966759950e-01, 3.840976068e-01
Hauser.6,49,mturk,greater,124,2.398954677e-02,2.237637155e+00, 8.054204678e-01, 4.440515768e-01
Hauser.6,49,mturk_india,greater,152,2.969318499e-01,1.279726747e+00, 2.466465761e-01, 1.359833843e-01
Hauser.6,49,munich,greater,22,3.175586024e-01,2.462304001e+00, 9.010974974e-01, 4.968010879e-01
Hauser.6,49,munichon,greater,72,1.376818009e-01,1.980889398e+00, 6.835459347e-01, 3.768586252e-01
Hauser.6,49,northumbria,greater,48,5.000000000e-01,1.209374651e+00, 1.901034084e-01, 1.048095022e-01
Hauser.6,49,osnabruck,greater,15,8.000000000e-01,8.660268447e-01,-1.438393724e-01,-7.930280229e-02
Hauser.6,49,ouhk,greater,33,7.175347810e-01,8.654617011e-01,-1.444921559e-01,-7.966270071e-02
Hauser.6,49,padua,greater,50,6.566378798e-01,9.363384041e-01,-6.577832503e-02,-3.626549128e-02
Hauser.6,49,pascal,greater,117,3.228375618e-01,1.267231874e+00, 2.368348949e-01, 1.305739210e-01
Hauser.6,49,psualtoona,greater,120,9.267014816e-02,1.775703093e+00, 5.741964533e-01, 3.165710964e-01
Hauser.6,49,puc,greater,34,5.468959069e-02,4.246378311e+00, 1.446066458e+00, 7.972582227e-01
Hauser.6,49,queensland2,greater,72,2.443183437e-03,4.420138785e+00, 1.486171095e+00, 8.193690682e-01
Hauser.6,49,radboud,greater,2,1.000000000e+00,0.000000000e+00,            -Inf,            -Inf
Hauser.6,49,ritonline,greater,42,2.214036984e-01,2.024539756e+00, 7.053423939e-01, 3.888756429e-01
Hauser.6,49,rotterdam,greater,33,2.949497238e-01,1.839117433e+00, 6.092858005e-01, 3.359168674e-01
Hauser.6,49,salford,greater,70,6.769309283e-01,9.013576120e-01,-1.038531944e-01,-5.725726697e-02
Hauser.6,49,seznam,greater,27,6.569031274e-01,1.000000000e+00, 0.000000000e+00, 0.000000000e+00
Hauser.6,49,seznamon,greater,36,1.572649159e-01,2.435071578e+00, 8.899761516e-01, 4.906695686e-01
Hauser.6,49,simmons,greater,62,1.754561555e-01,1.949872499e+00, 6.677639856e-01, 3.681575806e-01
Hauser.6,49,swps,greater,58,7.033938823e-01,8.688116337e-01,-1.406289393e-01,-7.753279779e-02
Hauser.6,49,tamu,greater,48,6.090191273e-01,1.006847505e+00, 6.824167462e-03, 3.762360709e-03
Hauser.6,49,tamucc,greater,59,4.322102842e-01,1.272730230e+00, 2.411643805e-01, 1.329608915e-01
Hauser.6,49,tanzania,greater,21,5.750178614e-01,1.236765536e+00, 2.124995327e-01, 1.171571326e-01
Hauser.6,49,tanzaniaon,greater,7,5.238095238e-01,3.162202511e+00, 1.151268782e+00, 6.347277459e-01
Hauser.6,49,tilburg,greater,30,1.441910624e-02,7.196737036e+00, 1.973627734e+00, 1.088117998e+00
Hauser.6,49,tilburgcaf,greater,49,5.170768414e-01,1.152149493e+00, 1.416293219e-01, 7.808433758e-02
Hauser.6,49,ulatina,greater,118,6.580615100e-02,1.959988724e+00, 6.729387199e-01, 3.710105612e-01
Hauser.6,49,umich,greater,41,3.197999975e-01,1.677692683e+00, 5.174194463e-01, 2.852682918e-01
Hauser.6,49,uned,greater,13,5.629370629e-01,1.897915060e+00, 6.407559471e-01, 3.532672685e-01
Hauser.6,49,unswonline,greater,42,9.044284513e-01,5.428439447e-01,-6.109333951e-01,-3.368252339e-01
Hauser.6,49,vcu,greater,31,4.969192823e-01,1.350095007e+00, 3.001749652e-01, 1.654951320e-01
Hauser.6,49,vuw,greater,34,3.486256872e-01,1.686712742e+00, 5.227815115e-01, 2.882245533e-01
Hauser.6,49,westernkentucky,greater,101,2.082951304e-02,2.538247338e+00, 9.314738183e-01, 5.135484313e-01
Hauser.6,49,yale,greater,13,8.624708625e-02,9.470989102e+00, 2.248233348e+00, 1.239516008e+00
Tversky.1,46,amity,greater,0,1.000000000e+00,0.000000000e+00,            -Inf,            -Inf
Tversky.1,46,amityon,greater,0,1.000000000e+00,0.000000000e+00,            -Inf,            -Inf
Tversky.1,46,armstrong,greater,84,1.363219220e-01,1.889167158e+00, 6.361360748e-01, 3.507201995e-01
Tversky.1,46,aus2,greater,179,2.842153734e-01,1.251889418e+00, 2.246539441e-01, 1.238582109e-01
Tversky.1,46,badaniaon,greater,43,4.219250236e-01,1.374131874e+00, 3.178221674e-01, 1.752245445e-01
Tversky.1,46,bogota,greater,102,1.692352663e-02,2.533539689e+00, 9.296174116e-01, 5.125249407e-01
Tversky.1,46,brookcuny,greater,181,5.114477036e-03,2.292280571e+00, 8.295472047e-01, 4.573533441e-01
Tversky.1,46,carleton,greater,121,1.280247140e-03,3.461916193e+00, 1.241822249e+00, 6.846524888e-01
Tversky.1,46,cas,greater,48,5.414228387e-02,3.238302334e+00, 1.175049222e+00, 6.478385894e-01
Tversky.1,46,csunorthonline,greater,88,7.012969676e-03,3.277459612e+00, 1.187068614e+00, 6.544652276e-01
Tversky.1,46,fmkbelgrade,greater,104,2.237423785e-01,1.469527472e+00, 3.849409015e-01, 2.122290420e-01
Tversky.1,46,georgefox,greater,140,1.089809746e-02,2.497750428e+00, 9.153904978e-01, 5.046812320e-01
Tversky.1,46,grazvienna,greater,102,6.752963274e-02,1.988489613e+00, 6.873753619e-01, 3.789698990e-01
Tversky.1,46,hawaiion,greater,121,1.396267810e-01,1.587539379e+00, 4.621852569e-01, 2.548160872e-01
Tversky.1,46,help,greater,90,1.204588484e-03,5.300191168e+00, 1.667742889e+00, 9.194748451e-01
Tversky.1,46,isb,greater,0,1.000000000e+00,0.000000000e+00,            -Inf,            -Inf
Tversky.1,46,jmu,greater,84,2.504233466e-02,2.778248808e+00, 1.021820804e+00, 5.633593352e-01
Tversky.1,46,jos,greater,92,4.022897070e-01,1.329048667e+00, 2.844633986e-01, 1.568328913e-01
Tversky.1,46,kenyon,greater,106,2.153518973e-01,1.564649688e+00, 4.476619572e-01, 2.468089724e-01
Tversky.1,46,krakowon,greater,99,3.808175856e-03,4.195463576e+00, 1.434003841e+00, 7.906077535e-01
Tversky.1,46,kwazulu,greater,77,4.833317073e-02,2.672028772e+00, 9.828380235e-01, 5.418670018e-01
Tversky.1,46,louvain,greater,100,2.065451966e-01,1.501741259e+00, 4.066252741e-01, 2.241842632e-01
Tversky.1,46,loyola,greater,293,1.728524815e-02,1.696322044e+00, 5.284624037e-01, 2.913565933e-01
Tversky.1,46,lse,greater,112,1.203048233e-01,1.681715944e+00, 5.198146675e-01, 2.865888465e-01
Tversky.1,46,mcdanielonline,greater,159,2.948954189e-02,1.992277519e+00, 6.892784660e-01, 3.800191353e-01
Tversky.1,46,metu,greater,125,1.247461436e-01,1.691976307e+00, 5.258972579e-01, 2.899423543e-01
Tversky.1,46,moralsense,greater,834,1.332598217e-07,2.359870927e+00, 8.586069255e-01, 4.733748078e-01
Tversky.1,46,mturk,greater,338,4.561406589e-07,3.938403585e+00, 1.370775460e+00, 7.557481201e-01
Tversky.1,46,mturk_india,greater,0,1.000000000e+00,0.000000000e+00,            -Inf,            -Inf
Tversky.1,46,munich,greater,84,1.177876565e-02,3.027375310e+00, 1.107696010e+00, 6.107048175e-01
Tversky.1,46,munichon,greater,214,7.394860544e-02,1.676922505e+00, 5.169602712e-01, 2.850151353e-01
Tversky.1,46,northumbria,greater,79,3.221054310e-03,4.441872446e+00, 1.491076010e+00, 8.220732893e-01
Tversky.1,46,osnabruck,greater,85,1.653013309e-01,1.670958285e+00, 5.133972852e-01, 2.830507582e-01
Tversky.1,46,ouhk,greater,68,2.662358051e-01,1.535527645e+00, 4.288740646e-01, 2.364506643e-01
Tversky.1,46,padua,greater,79,3.780836555e-01,1.282056033e+00, 2.484650650e-01, 1.369859698e-01
Tversky.1,46,pascal,greater,178,9.641363921e-02,1.570701575e+00, 4.515223828e-01, 2.489373366e-01
Tversky.1,46,psualtoona,greater,177,4.446811254e-04,2.983641862e+00, 1.093144656e+00, 6.026822356e-01
Tversky.1,46,puc,greater,81,9.094624362e-01,5.965505930e-01,-5.165912246e-01,-2.848116692e-01
Tversky.1,46,queensland2,greater,137,1.475104810e-01,1.545012456e+00, 4.350319728e-01, 2.398456970e-01
Tversky.1,46,radboud,greater,30,4.507746127e-02,5.110346740e+00, 1.631267257e+00, 8.993647750e-01
Tversky.1,46,ritonline,greater,86,2.231364504e-03,3.883292879e+00, 1.356683474e+00, 7.479788011e-01
Tversky.1,46,rotterdam,greater,77,9.697927341e-03,3.405713299e+00, 1.225454403e+00, 6.756284226e-01
Tversky.1,46,salford,greater,103,1.045405411e-01,1.845894346e+00, 6.129639006e-01, 3.379447103e-01
Tversky.1,46,seznam,greater,85,3.217602636e-02,2.457901426e+00, 8.993079072e-01, 4.958144351e-01
Tversky.1,46,seznamon,greater,118,3.844042491e-02,2.151895425e+00, 7.663490466e-01, 4.225103734e-01
Tversky.1,46,simmons,greater,96,8.001338965e-02,2.222047924e+00, 7.984292589e-01, 4.401971214e-01
Tversky.1,46,swps,greater,89,3.760995935e-03,3.815331585e+00, 1.339027577e+00, 7.382445950e-01
Tversky.1,46,tamu,greater,85,1.305347795e-02,3.057495439e+00, 1.117596097e+00, 6.161630215e-01
Tversky.1,46,tamucc,greater,89,1.714244088e-01,1.686313243e+00, 5.225446329e-01, 2.880939553e-01
Tversky.1,46,tanzania,greater,60,1.992544884e-01,1.881834266e+00, 6.322469747e-01, 3.485760262e-01
Tversky.1,46,tanzaniaon,greater,15,4.461538462e-01,2.612458721e+00, 9.602918166e-01, 5.294366265e-01
Tversky.1,46,tilburg,greater,95,4.818364954e-03,3.235527807e+00, 1.174192070e+00, 6.473660168e-01
Tversky.1,46,tilburgcaf,greater,81,5.221035275e-03,3.511554105e+00, 1.256058704e+00, 6.925014581e-01
Tversky.1,46,ulatina,greater,207,2.589121422e-02,1.945119499e+00, 6.653234143e-01, 3.668120231e-01
Tversky.1,46,umich,greater,86,1.347946608e-01,1.868331553e+00, 6.250458148e-01, 3.446058187e-01
Tversky.1,46,uned,greater,86,2.257560237e-01,1.522882498e+00, 4.206049195e-01, 2.318916457e-01
Tversky.1,46,unswonline,greater,97,1.111271059e-01,1.866774425e+00, 6.242120350e-01, 3.441461318e-01
Tversky.1,46,vcu,greater,96,2.247177107e-03,3.926878645e+00, 1.367844872e+00, 7.541324027e-01
Tversky.1,46,vuw,greater,100,4.650367413e-01,1.157385221e+00, 1.461633412e-01, 8.058407344e-02
Tversky.1,46,westernkentucky,greater,161,3.604003075e-05,3.828834841e+00, 1.342560538e+00, 7.401924184e-01
Tversky.1,46,yale,greater,282,3.601755284e-05,3.132549262e+00, 1.141847134e+00, 6.295333190e-01
Rottenstreich.1,16,aus,less,91,1.062180698e-01,5.394673921e-01,-6.171729370e-01,-3.402652737e-01
Rottenstreich.1,16,badaniaon,less,38,2.525426227e-01,5.298252562e-01,-6.352080322e-01,-3.502085427e-01
Rottenstreich.1,16,bc,less,76,7.465603885e-01,1.218643537e+00, 1.977383850e-01, 1.090188854e-01
Rottenstreich.1,16,bilgi,less,153,5.981770216e-01,1.026401740e+00, 2.605923004e-02, 1.436720651e-02
Rottenstreich.1,16,brasilia,less,103,2.632933358e-01,7.210848826e-01,-3.269984196e-01,-1.802836775e-01
Rottenstreich.1,16,cas,less,69,2.777786370e-01,6.648909003e-01,-4.081323116e-01,-2.250151365e-01
Rottenstreich.1,16,castab,less,66,1.619755014e-01,5.467939304e-01,-6.036832743e-01,-3.328280328e-01
Rottenstreich.1,16,doshisha,less,114,8.255182621e-01,1.321492233e+00, 2.787615774e-01, 1.536893126e-01
Rottenstreich.1,16,eindhoven,less,98,7.328724894e-01,1.185649304e+00, 1.702905603e-01, 9.388610653e-02
Rottenstreich.1,16,eindhoventab,less,12,8.787878788e-01,1.885775623e+00, 6.343392076e-01, 3.497295347e-01
Rottenstreich.1,16,elte,less,94,5.823235331e-01,9.981261486e-01,-1.875609273e-03,-1.034077589e-03
Rottenstreich.1,16,eltetab,less,87,7.379718774e-01,1.197474526e+00, 1.802147772e-01, 9.935761407e-02
Rottenstreich.1,16,fmkbelgrade,less,26,2.374747611e-01,4.149047933e-01,-8.797061987e-01,-4.850074468e-01
Rottenstreich.1,16,grazvienna,less,124,4.884726435e-01,9.278380706e-01,-7.489805430e-02,-4.129346155e-02
Rottenstreich.1,16,hawaiion,less,101,3.062725194e-01,7.565828972e-01,-2.789431719e-01,-1.537894308e-01
Rottenstreich.1,16,henan,less,18,3.185931715e-01,4.216176669e-01,-8.636563781e-01,-4.761587170e-01
Rottenstreich.1,16,hkust,less,105,7.536093937e-01,1.209315644e+00, 1.900546159e-01, 1.047826014e-01
Rottenstreich.1,16,hkusttab,less,28,6.002635046e-01,8.618385136e-01,-1.486873650e-01,-8.197564072e-02
Rottenstreich.1,16,hunancomp,less,154,5.221087189e-02,5.577088732e-01,-5.839181853e-01,-3.219309681e-01
Rottenstreich.1,16,ithaca,less,78,8.527588700e-01,1.461229178e+00, 3.792779842e-01, 2.091069121e-01
Rottenstreich.1,16,johannesburg,less,52,2.565186895e-01,3.118207730e-01,-1.165326702e+00,-6.424782832e-01
Rottenstreich.1,16,johannesburgother,less,22,4.767801858e-01,6.144865757e-01,-4.869681960e-01,-2.684796376e-01
Rottenstreich.1,16,koc,less,87,1.929216025e-01,5.537785006e-01,-5.909904906e-01,-3.258301344e-01
Rottenstreich.1,16,lausanne,less,113,6.714649001e-01,1.101093118e+00, 9.630342992e-02, 5.309486364e-02
Rottenstreich.1,16,leuven,less,109,9.234303985e-02,5.566286304e-01,-5.858569931e-01,-3.229998889e-01
Rottenstreich.1,16,lundon,less,113,6.045862247e-01,1.029123065e+00, 2.870704656e-02, 1.582702427e-02
Rottenstreich.1,16,marian,less,79,4.579711364e-01,8.628784425e-01,-1.474814524e-01,-8.131078627e-02
Rottenstreich.1,16,marianipad,less,27,7.743707094e-01,1.319217107e+00, 2.770384602e-01, 1.527393082e-01
Rottenstreich.1,16,mariantab,less,26,7.831236659e-01,1.344981796e+00, 2.963804787e-01, 1.634031219e-01
Rottenstreich.1,16,mturk,less,331,4.775253548e-01,9.589427348e-01,-4.192391928e-02,-2.311386811e-02
Rottenstreich.1,16,mturk_india,less,359,2.582880892e-01,8.306686055e-01,-1.855243537e-01,-1.022849370e-01
Rottenstreich.1,16,navarra,less,54,4.385845296e-01,7.729589520e-01,-2.575293340e-01,-1.419833632e-01
Rottenstreich.1,16,ntnu,less,83,7.149389989e-01,1.164076171e+00, 1.519277866e-01, 8.376217875e-02
Rottenstreich.1,16,ntnutab,less,53,9.523397975e-01,2.186939987e+00, 7.825033006e-01, 4.314166804e-01
Rottenstreich.1,16,occid,less,67,6.563037226e-01,1.076913060e+00, 7.409867038e-02, 4.085273809e-02
Rottenstreich.1,16,occidtab,less,81,1.942510073e-01,6.148806239e-01,-4.863271375e-01,-2.681262035e-01
Rottenstreich.1,16,ouhktab,less,40,5.252472717e-01,8.497050548e-01,-1.628659841e-01,-8.979272312e-02
Rottenstreich.1,16,plu,less,96,2.031591869e-02,3.970869841e-01,-9.235999188e-01,-5.092073230e-01
Rottenstreich.1,16,poitiers,less,44,1.668192462e-01,4.640046643e-01,-7.678606744e-01,-4.233437775e-01
Rottenstreich.1,16,potsdam,less,92,2.767168237e-01,7.097534670e-01,-3.428375988e-01,-1.890162747e-01
Rottenstreich.1,16,pscio,less,86,8.626169351e-02,4.674141665e-01,-7.605395482e-01,-4.193074290e-01
Rottenstreich.1,16,psuabington,less,90,6.913977070e-01,1.128333557e+00, 1.207418162e-01, 6.656845217e-02
Rottenstreich.1,16,psuabingtontab,less,79,5.214092456e-01,9.240142234e-01,-7.902781421e-02,-4.357031752e-02
Rottenstreich.1,16,psumain,less,82,3.974062291e-01,8.057335200e-01,-2.160022115e-01,-1.190882607e-01
Rottenstreich.1,16,purkyne,less,140,5.410499424e-01,9.758137272e-01,-2.448356407e-02,-1.349849633e-02
Rottenstreich.1,16,sandiegosu,less,174,8.206049514e-02,6.223415405e-01,-4.742662364e-01,-2.614766802e-01
Rottenstreich.1,16,santiagoon,less,60,3.517320593e-01,7.066703598e-01,-3.471909739e-01,-1.914164161e-01
Rottenstreich.1,16,swps,less,96,6.133577087e-01,1.032995985e+00, 3.246330307e-02, 1.789795702e-02
Rottenstreich.1,16,tamu,less,99,1.471978913e-01,6.046833505e-01,-5.030503456e-01,-2.773461914e-01
Rottenstreich.1,16,tilburg,less,97,9.590935863e-01,1.863302292e+00, 6.223503393e-01, 3.431197251e-01
Rottenstreich.1,16,tilburgcaf,less,80,3.345746614e-01,7.414464772e-01,-2.991523018e-01,-1.649313081e-01
Rottenstreich.1,16,tilburgcomm,less,103,9.936621715e-01,2.482055602e+00, 9.090870888e-01, 5.012059805e-01
Rottenstreich.1,16,toronto,less,350,6.929510079e-01,1.088623064e+00, 8.491365361e-02, 4.681535085e-02
Rottenstreich.1,16,tufts,less,88,5.040963023e-01,9.061240692e-01,-9.857904059e-02,-5.434947356e-02
Rottenstreich.1,16,ubc,less,82,8.177629697e-01,1.350681932e+00, 3.006095995e-01, 1.657347585e-01
Rottenstreich.1,16,ubctab,less,75,3.729240236e-01,7.754057688e-01,-2.543688140e-01,-1.402408772e-01
Rottenstreich.1,16,ucron,less,103,8.444983019e-01,1.411895355e+00, 3.449330253e-01, 1.901715438e-01
Rottenstreich.1,16,udd,less,95,2.017983752e-02,3.824325103e-01,-9.612030849e-01,-5.299390351e-01
Rottenstreich.1,16,ufl,less,116,8.135097638e-01,1.309226485e+00, 2.694364936e-01, 1.485481244e-01
Rottenstreich.1,16,uiuc,less,205,3.978937891e-02,5.773164477e-01,-5.493647266e-01,-3.028806479e-01
Rottenstreich.1,16,umich,less,88,4.119808077e-01,8.244200767e-01,-1.930750772e-01,-1.064478690e-01
Rottenstreich.1,16,unam,less,144,5.320888309e-01,9.449286339e-01,-5.664587399e-02,-3.123050713e-02
Rottenstreich.1,16,unibelgrade,less,81,7.345485656e-01,1.195688395e+00, 1.787220825e-01, 9.853464831e-02
Rottenstreich.1,16,uniporto,less,36,3.471586787e-01,6.146244366e-01,-4.867438699e-01,-2.683559602e-01
Rottenstreich.1,16,uva,less,86,5.218100860e-01,9.296875324e-01,-7.290673592e-02,-4.019559018e-02
Rottenstreich.1,16,vuamsterdam,less,95,5.217763663e-01,9.397668859e-01,-6.212342824e-02,-3.425044107e-02
Rottenstreich.1,16,vuw,less,102,5.938133530e-01,1.012378000e+00, 1.230201860e-02, 6.782458324e-03
Rottenstreich.1,16,washlee,less,97,5.707339385e-01,9.875815777e-01,-1.249617531e-02,-6.889502529e-03
Rottenstreich.1,16,wilfredlaur,less,91,4.807023697e-01,8.934261590e-01,-1.126915902e-01,-6.213012993e-02
Rottenstreich.1,16,williampat,less,124,2.562158462e-01,7.399255166e-01,-3.012057511e-01,-1.660634341e-01
Rottenstreich.1,16,winchester,less,142,1.902337211e-01,7.018570545e-01,-3.540255217e-01,-1.951844998e-01
Rottenstreich.1,16,wpi,less,86,6.682855178e-01,1.098323113e+00, 9.378457391e-02, 5.170614554e-02
Rottenstreich.1,16,wroclaw,less,97,4.837779898e-02,4.587740208e-01,-7.791975197e-01,-4.295941078e-01
Rottenstreich.1,16,zhejiang,less,86,1.438471890e-01,5.761557564e-01,-5.513772445e-01,-3.039902072e-01
